id,first_name,last_name,email,gender,ip_address
1,Boniface,Leveret,bleveret0@github.io,Male,245.222.65.225
2,Cole,Paschek,cpaschek1@twitter.com,Male,17.29.189.254
3,Nefen,Straneo,nstraneo2@independent.co.uk,Male,56.245.156.178
4,Gabie,Loxton,gloxton3@admin.ch,Male,86.199.243.246
5,Luis,Skeats,lskeats4@examiner.com,Male,132.41.83.242
6,Jyoti,Buten,jbuten5@linkedin.com,Female,119.82.43.33
7,Ferdinande,Tongs,ftongs6@live.com,Female,229.50.211.103
8,Guillemette,Paddefield,gpaddefield7@technorati.com,Female,39.6.102.140
9,Jock,Dabell,jdabell8@yale.edu,Male,43.86.128.101
10,Thane,Featherston,tfeatherston9@fastcompany.com,Male,202.169.88.46
11,Gaynor,Gosneye,ggosneyea@bloomberg.com,Female,11.208.235.203
12,Barthel,Aloshikin,baloshikinb@youtube.com,Male,158.72.76.65
13,Merv,Almak,malmakc@washington.edu,Male,101.84.119.136
14,Maryrose,Coverdill,mcoverdilld@mac.com,Female,165.94.163.165
15,Joellyn,Rubroe,jrubroee@paginegialle.it,Female,254.203.124.32
16,Cirstoforo,Abele,cabelef@epa.gov,Male,154.189.118.85
17,Shelden,Churn,schurng@stumbleupon.com,Male,166.74.10.184
18,Hertha,Braden,hbradenh@upenn.edu,Female,92.185.57.122
19,Nikolaos,Pyburn,npyburni@symantec.com,Male,123.52.222.50
20,Abbie,Caulliere,acaullierej@nydailynews.com,Female,108.147.77.239
21,Junia,Brugden,jbrugdenk@blogspot.com,Female,117.72.73.102
22,Hiram,Baron,hbaronl@edublogs.org,Male,8.192.56.70
23,Livvie,Eddowis,leddowism@ibm.com,Female,97.52.191.214
24,Griff,Cartmael,gcartmaeln@seesaa.net,Male,208.79.50.161
25,Josefa,Bimrose,jbimroseo@sciencedaily.com,Female,71.99.164.76
26,Monte,Weavill,mweavillp@pagesperso-orange.fr,Male,215.228.24.158
27,Trixi,Bernardet,tbernardetq@woothemes.com,Female,228.14.109.232
28,Rainer,Tomsu,rtomsur@ezinearticles.com,Male,177.146.5.89
29,Deidre,Marland,dmarlands@oracle.com,Female,197.217.211.221
30,Jecho,Wickenden,jwickendent@printfriendly.com,Male,246.204.1.211
31,Lise,Lyosik,llyosiku@xing.com,Female,134.98.116.208
32,Thaxter,Baythrop,tbaythropv@virginia.edu,Male,128.151.190.219
33,Deva,Binner,dbinnerw@engadget.com,Female,5.199.210.75
34,Rurik,Willoughway,rwilloughwayx@theatlantic.com,Male,24.61.5.21
35,Edan,Ivanovic,eivanovicy@timesonline.co.uk,Male,5.14.50.20
36,Madge,Burdikin,mburdikinz@tumblr.com,Female,203.216.243.113
37,Binky,Hub,bhub10@youtube.com,Male,75.87.243.74
38,Mel,Kamen,mkamen11@state.gov,Female,179.221.242.142
39,Carline,Hollindale,chollindale12@census.gov,Female,68.4.226.79
40,Zea,Haslock(e),zhaslocke13@mozilla.com,Female,191.138.130.130
41,Howard,Ullock,hullock14@shinystat.com,Male,222.84.162.101
42,Jillane,Mapplethorpe,jmapplethorpe15@mac.com,Female,177.177.180.187
43,Terencio,Wooller,twooller16@fda.gov,Male,192.4.195.165
44,Marylee,Kinastan,mkinastan17@slideshare.net,Female,244.103.182.7
45,Cherry,Rodgers,crodgers18@redcross.org,Female,240.91.147.223
46,Evelyn,Gowar,egowar19@prnewswire.com,Female,115.113.206.151
47,Bernita,Bernaldez,bbernaldez1a@webmd.com,Female,153.236.241.119
48,Orren,Kuzemka,okuzemka1b@webnode.com,Male,58.206.70.34
49,Ansell,Pittam,apittam1c@wikia.com,Male,6.180.177.68
50,Helli,McDermot,hmcdermot1d@biblegateway.com,Female,80.158.255.22
51,Charmian,Meddings,cmeddings1e@skyrock.com,Female,138.170.66.201
52,Pauly,Alcott,palcott1f@google.pl,Male,123.249.102.148
53,Patience,Van Oort,pvanoort1g@cocolog-nifty.com,Female,152.172.40.149
54,Mariellen,Moralis,mmoralis1h@ebay.com,Female,119.125.1.237
55,Bogey,Coling,bcoling1i@liveinternet.ru,Male,50.13.143.5
56,Francisca,Skinn,fskinn1j@twitter.com,Female,21.61.78.36
57,Morganica,Parkisson,mparkisson1k@webs.com,Female,62.10.56.213
58,Gregorio,Sambrok,gsambrok1l@bandcamp.com,Male,26.191.175.144
59,Ban,Arkell,barkell1m@wired.com,Male,33.179.87.71
60,Mirelle,Fantone,mfantone1n@cam.ac.uk,Female,223.208.10.169
61,Beryle,Booth,bbooth1o@biblegateway.com,Female,245.80.24.211
62,Chucho,Klas,cklas1p@slideshare.net,Male,79.75.186.186
63,Eveline,Overland,eoverland1q@home.pl,Female,141.66.244.222
64,Gilligan,Doddemeade,gdoddemeade1r@naver.com,Female,44.245.45.98
65,Carolyne,Beevors,cbeevors1s@google.ru,Female,83.222.81.219
66,Frans,Melior,fmelior1t@github.io,Male,186.15.222.143
67,Urson,Lapidus,ulapidus1u@intel.com,Male,113.10.201.146
68,Obidiah,Atto,oatto1v@godaddy.com,Male,177.176.198.194
69,Rosabel,Elkin,relkin1w@creativecommons.org,Female,186.56.175.13
70,Eimile,Boog,eboog1x@e-recht24.de,Female,200.217.202.113
71,Mildrid,Bridson,mbridson1y@constantcontact.com,Female,159.158.138.173
72,Engracia,Threadgould,ethreadgould1z@facebook.com,Female,255.147.187.168
73,Beverlie,Apfler,bapfler20@github.com,Female,253.55.175.138
74,Klarika,Delmage,kdelmage21@google.com.br,Female,143.96.153.119
75,Tova,Portam,tportam22@theglobeandmail.com,Female,227.3.150.86
76,Kayley,Niaves,kniaves23@cmu.edu,Female,13.239.28.189
77,Alleen,Barg,abarg24@yahoo.com,Female,173.9.236.120
78,Farah,Pinshon,fpinshon25@friendfeed.com,Female,252.200.90.80
79,Cristiano,Bingall,cbingall26@tripadvisor.com,Male,19.70.105.174
80,Willi,Westoff,wwestoff27@is.gd,Male,53.78.210.152
81,Adrienne,Zebedee,azebedee28@networkadvertising.org,Female,55.159.15.31
82,Jerrie,Colleck,jcolleck29@soup.io,Male,22.95.183.206
83,Junina,Antonoczyk,jantonoczyk2a@dot.gov,Female,223.175.210.156
84,Abbie,Steadman,asteadman2b@amazonaws.com,Male,149.105.205.172
85,Benedicta,Binham,bbinham2c@sciencedirect.com,Female,106.192.5.4
86,Tait,Yakebowitch,tyakebowitch2d@pbs.org,Male,80.16.61.202
87,Tana,O'Rourke,torourke2e@wsj.com,Female,33.152.221.177
88,Dorthea,Beels,dbeels2f@google.com.au,Female,254.176.29.173
89,Virgie,Tomlett,vtomlett2g@storify.com,Female,237.43.64.153
90,Moses,Janos,mjanos2h@accuweather.com,Male,218.205.68.92
91,Arlan,Colyer,acolyer2i@goodreads.com,Male,143.135.129.21
92,Walton,Letteresse,wletteresse2j@zdnet.com,Male,18.156.202.49
93,Name,Last name,Email,Gender,Ip address
94,Name,Last name,Email,Gender,Ip address
95,Name,Last name,Email,Gender,Ip addressid,first_name,last_name,email,gender,ip_address
id,first_name,last_name,email,gender,ip_address1,Boniface,Leveret,bleveret0@github.io,Male,245.222.65.225
1,Boniface,Leveret,bleveret0@github.io,Male,245.222.65.2252,Cole,Paschek,cpaschek1@twitter.com,Male,17.29.189.254
2,Cole,Paschek,cpaschek1@twitter.com,Male,17.29.189.2543,Nefen,Straneo,nstraneo2@independent.co.uk,Male,56.245.156.178
3,Nefen,Straneo,nstraneo2@independent.co.uk,Male,56.245.156.1784,Gabie,Loxton,gloxton3@admin.ch,Male,86.199.243.246
4,Gabie,Loxton,gloxton3@admin.ch,Male,86.199.243.2465,Luis,Skeats,lskeats4@examiner.com,Male,132.41.83.242
5,Luis,Skeats,lskeats4@examiner.com,Male,132.41.83.2426,Jyoti,Buten,jbuten5@linkedin.com,Female,119.82.43.33
6,Jyoti,Buten,jbuten5@linkedin.com,Female,119.82.43.337,Ferdinande,Tongs,ftongs6@live.com,Female,229.50.211.103
7,Ferdinande,Tongs,ftongs6@live.com,Female,229.50.211.1038,Guillemette,Paddefield,gpaddefield7@technorati.com,Female,39.6.102.140
8,Guillemette,Paddefield,gpaddefield7@technorati.com,Female,39.6.102.1409,Jock,Dabell,jdabell8@yale.edu,Male,43.86.128.101
9,Jock,Dabell,jdabell8@yale.edu,Male,43.86.128.10110,Thane,Featherston,tfeatherston9@fastcompany.com,Male,202.169.88.46
10,Thane,Featherston,tfeatherston9@fastcompany.com,Male,202.169.88.4611,Gaynor,Gosneye,ggosneyea@bloomberg.com,Female,11.208.235.203
11,Gaynor,Gosneye,ggosneyea@bloomberg.com,Female,11.208.235.20312,Barthel,Aloshikin,baloshikinb@youtube.com,Male,158.72.76.65
12,Barthel,Aloshikin,baloshikinb@youtube.com,Male,158.72.76.6513,Merv,Almak,malmakc@washington.edu,Male,101.84.119.136
13,Merv,Almak,malmakc@washington.edu,Male,101.84.119.13614,Maryrose,Coverdill,mcoverdilld@mac.com,Female,165.94.163.165
14,Maryrose,Coverdill,mcoverdilld@mac.com,Female,165.94.163.16515,Joellyn,Rubroe,jrubroee@paginegialle.it,Female,254.203.124.32
15,Joellyn,Rubroe,jrubroee@paginegialle.it,Female,254.203.124.3216,Cirstoforo,Abele,cabelef@epa.gov,Male,154.189.118.85
16,Cirstoforo,Abele,cabelef@epa.gov,Male,154.189.118.8517,Shelden,Churn,schurng@stumbleupon.com,Male,166.74.10.184
17,Shelden,Churn,schurng@stumbleupon.com,Male,166.74.10.18418,Hertha,Braden,hbradenh@upenn.edu,Female,92.185.57.122
18,Hertha,Braden,hbradenh@upenn.edu,Female,92.185.57.12219,Nikolaos,Pyburn,npyburni@symantec.com,Male,123.52.222.50
19,Nikolaos,Pyburn,npyburni@symantec.com,Male,123.52.222.5020,Abbie,Caulliere,acaullierej@nydailynews.com,Female,108.147.77.239
20,Abbie,Caulliere,acaullierej@nydailynews.com,Female,108.147.77.23921,Junia,Brugden,jbrugdenk@blogspot.com,Female,117.72.73.102
21,Junia,Brugden,jbrugdenk@blogspot.com,Female,117.72.73.10222,Hiram,Baron,hbaronl@edublogs.org,Male,8.192.56.70
22,Hiram,Baron,hbaronl@edublogs.org,Male,8.192.56.7023,Livvie,Eddowis,leddowism@ibm.com,Female,97.52.191.214
23,Livvie,Eddowis,leddowism@ibm.com,Female,97.52.191.21424,Griff,Cartmael,gcartmaeln@seesaa.net,Male,208.79.50.161
24,Griff,Cartmael,gcartmaeln@seesaa.net,Male,208.79.50.16125,Josefa,Bimrose,jbimroseo@sciencedaily.com,Female,71.99.164.76
25,Josefa,Bimrose,jbimroseo@sciencedaily.com,Female,71.99.164.7626,Monte,Weavill,mweavillp@pagesperso-orange.fr,Male,215.228.24.158
26,Monte,Weavill,mweavillp@pagesperso-orange.fr,Male,215.228.24.15827,Trixi,Bernardet,tbernardetq@woothemes.com,Female,228.14.109.232
27,Trixi,Bernardet,tbernardetq@woothemes.com,Female,228.14.109.23228,Rainer,Tomsu,rtomsur@ezinearticles.com,Male,177.146.5.89
28,Rainer,Tomsu,rtomsur@ezinearticles.com,Male,177.146.5.8929,Deidre,Marland,dmarlands@oracle.com,Female,197.217.211.221
29,Deidre,Marland,dmarlands@oracle.com,Female,197.217.211.22130,Jecho,Wickenden,jwickendent@printfriendly.com,Male,246.204.1.211
30,Jecho,Wickenden,jwickendent@printfriendly.com,Male,246.204.1.21131,Lise,Lyosik,llyosiku@xing.com,Female,134.98.116.208
31,Lise,Lyosik,llyosiku@xing.com,Female,134.98.116.20832,Thaxter,Baythrop,tbaythropv@virginia.edu,Male,128.151.190.219
32,Thaxter,Baythrop,tbaythropv@virginia.edu,Male,128.151.190.21933,Deva,Binner,dbinnerw@engadget.com,Female,5.199.210.75
33,Deva,Binner,dbinnerw@engadget.com,Female,5.199.210.7534,Rurik,Willoughway,rwilloughwayx@theatlantic.com,Male,24.61.5.21
34,Rurik,Willoughway,rwilloughwayx@theatlantic.com,Male,24.61.5.2135,Edan,Ivanovic,eivanovicy@timesonline.co.uk,Male,5.14.50.20
35,Edan,Ivanovic,eivanovicy@timesonline.co.uk,Male,5.14.50.2036,Madge,Burdikin,mburdikinz@tumblr.com,Female,203.216.243.113
36,Madge,Burdikin,mburdikinz@tumblr.com,Female,203.216.243.11337,Binky,Hub,bhub10@youtube.com,Male,75.87.243.74
37,Binky,Hub,bhub10@youtube.com,Male,75.87.243.7438,Mel,Kamen,mkamen11@state.gov,Female,179.221.242.142
38,Mel,Kamen,mkamen11@state.gov,Female,179.221.242.14239,Carline,Hollindale,chollindale12@census.gov,Female,68.4.226.79
39,Carline,Hollindale,chollindale12@census.gov,Female,68.4.226.7940,Zea,Haslock(e),zhaslocke13@mozilla.com,Female,191.138.130.130
40,Zea,Haslock(e),zhaslocke13@mozilla.com,Female,191.138.130.13041,Howard,Ullock,hullock14@shinystat.com,Male,222.84.162.101
41,Howard,Ullock,hullock14@shinystat.com,Male,222.84.162.10142,Jillane,Mapplethorpe,jmapplethorpe15@mac.com,Female,177.177.180.187
42,Jillane,Mapplethorpe,jmapplethorpe15@mac.com,Female,177.177.180.18743,Terencio,Wooller,twooller16@fda.gov,Male,192.4.195.165
43,Terencio,Wooller,twooller16@fda.gov,Male,192.4.195.16544,Marylee,Kinastan,mkinastan17@slideshare.net,Female,244.103.182.7
44,Marylee,Kinastan,mkinastan17@slideshare.net,Female,244.103.182.745,Cherry,Rodgers,crodgers18@redcross.org,Female,240.91.147.223
45,Cherry,Rodgers,crodgers18@redcross.org,Female,240.91.147.22346,Evelyn,Gowar,egowar19@prnewswire.com,Female,115.113.206.151
46,Evelyn,Gowar,egowar19@prnewswire.com,Female,115.113.206.15147,Bernita,Bernaldez,bbernaldez1a@webmd.com,Female,153.236.241.119
47,Bernita,Bernaldez,bbernaldez1a@webmd.com,Female,153.236.241.11948,Orren,Kuzemka,okuzemka1b@webnode.com,Male,58.206.70.34
48,Orren,Kuzemka,okuzemka1b@webnode.com,Male,58.206.70.3449,Ansell,Pittam,apittam1c@wikia.com,Male,6.180.177.68
49,Ansell,Pittam,apittam1c@wikia.com,Male,6.180.177.6850,Helli,McDermot,hmcdermot1d@biblegateway.com,Female,80.158.255.22
50,Helli,McDermot,hmcdermot1d@biblegateway.com,Female,80.158.255.2251,Charmian,Meddings,cmeddings1e@skyrock.com,Female,138.170.66.201
51,Charmian,Meddings,cmeddings1e@skyrock.com,Female,138.170.66.20152,Pauly,Alcott,palcott1f@google.pl,Male,123.249.102.148
52,Pauly,Alcott,palcott1f@google.pl,Male,123.249.102.14853,Patience,Van Oort,pvanoort1g@cocolog-nifty.com,Female,152.172.40.149
53,Patience,Van Oort,pvanoort1g@cocolog-nifty.com,Female,152.172.40.14954,Mariellen,Moralis,mmoralis1h@ebay.com,Female,119.125.1.237
54,Mariellen,Moralis,mmoralis1h@ebay.com,Female,119.125.1.23755,Bogey,Coling,bcoling1i@liveinternet.ru,Male,50.13.143.5
55,Bogey,Coling,bcoling1i@liveinternet.ru,Male,50.13.143.556,Francisca,Skinn,fskinn1j@twitter.com,Female,21.61.78.36
56,Francisca,Skinn,fskinn1j@twitter.com,Female,21.61.78.3657,Morganica,Parkisson,mparkisson1k@webs.com,Female,62.10.56.213
57,Morganica,Parkisson,mparkisson1k@webs.com,Female,62.10.56.21358,Gregorio,Sambrok,gsambrok1l@bandcamp.com,Male,26.191.175.144
58,Gregorio,Sambrok,gsambrok1l@bandcamp.com,Male,26.191.175.14459,Ban,Arkell,barkell1m@wired.com,Male,33.179.87.71
59,Ban,Arkell,barkell1m@wired.com,Male,33.179.87.7160,Mirelle,Fantone,mfantone1n@cam.ac.uk,Female,223.208.10.169
60,Mirelle,Fantone,mfantone1n@cam.ac.uk,Female,223.208.10.16961,Beryle,Booth,bbooth1o@biblegateway.com,Female,245.80.24.211
61,Beryle,Booth,bbooth1o@biblegateway.com,Female,245.80.24.21162,Chucho,Klas,cklas1p@slideshare.net,Male,79.75.186.186
62,Chucho,Klas,cklas1p@slideshare.net,Male,79.75.186.18663,Eveline,Overland,eoverland1q@home.pl,Female,141.66.244.222
63,Eveline,Overland,eoverland1q@home.pl,Female,141.66.244.22264,Gilligan,Doddemeade,gdoddemeade1r@naver.com,Female,44.245.45.98
64,Gilligan,Doddemeade,gdoddemeade1r@naver.com,Female,44.245.45.9865,Carolyne,Beevors,cbeevors1s@google.ru,Female,83.222.81.219
65,Carolyne,Beevors,cbeevors1s@google.ru,Female,83.222.81.21966,Frans,Melior,fmelior1t@github.io,Male,186.15.222.143
66,Frans,Melior,fmelior1t@github.io,Male,186.15.222.14367,Urson,Lapidus,ulapidus1u@intel.com,Male,113.10.201.146
67,Urson,Lapidus,ulapidus1u@intel.com,Male,113.10.201.14668,Obidiah,Atto,oatto1v@godaddy.com,Male,177.176.198.194
68,Obidiah,Atto,oatto1v@godaddy.com,Male,177.176.198.19469,Rosabel,Elkin,relkin1w@creativecommons.org,Female,186.56.175.13
69,Rosabel,Elkin,relkin1w@creativecommons.org,Female,186.56.175.1370,Eimile,Boog,eboog1x@e-recht24.de,Female,200.217.202.113
70,Eimile,Boog,eboog1x@e-recht24.de,Female,200.217.202.11371,Mildrid,Bridson,mbridson1y@constantcontact.com,Female,159.158.138.173
71,Mildrid,Bridson,mbridson1y@constantcontact.com,Female,159.158.138.17372,Engracia,Threadgould,ethreadgould1z@facebook.com,Female,255.147.187.168
72,Engracia,Threadgould,ethreadgould1z@facebook.com,Female,255.147.187.16873,Beverlie,Apfler,bapfler20@github.com,Female,253.55.175.138
73,Beverlie,Apfler,bapfler20@github.com,Female,253.55.175.13874,Klarika,Delmage,kdelmage21@google.com.br,Female,143.96.153.119
74,Klarika,Delmage,kdelmage21@google.com.br,Female,143.96.153.11975,Tova,Portam,tportam22@theglobeandmail.com,Female,227.3.150.86
75,Tova,Portam,tportam22@theglobeandmail.com,Female,227.3.150.8676,Kayley,Niaves,kniaves23@cmu.edu,Female,13.239.28.189
76,Kayley,Niaves,kniaves23@cmu.edu,Female,13.239.28.18977,Alleen,Barg,abarg24@yahoo.com,Female,173.9.236.120
77,Alleen,Barg,abarg24@yahoo.com,Female,173.9.236.12078,Farah,Pinshon,fpinshon25@friendfeed.com,Female,252.200.90.80
78,Farah,Pinshon,fpinshon25@friendfeed.com,Female,252.200.90.8079,Cristiano,Bingall,cbingall26@tripadvisor.com,Male,19.70.105.174
79,Cristiano,Bingall,cbingall26@tripadvisor.com,Male,19.70.105.17480,Willi,Westoff,wwestoff27@is.gd,Male,53.78.210.152
80,Willi,Westoff,wwestoff27@is.gd,Male,53.78.210.15281,Adrienne,Zebedee,azebedee28@networkadvertising.org,Female,55.159.15.31
81,Adrienne,Zebedee,azebedee28@networkadvertising.org,Female,55.159.15.3182,Jerrie,Colleck,jcolleck29@soup.io,Male,22.95.183.206
82,Jerrie,Colleck,jcolleck29@soup.io,Male,22.95.183.20683,Junina,Antonoczyk,jantonoczyk2a@dot.gov,Female,223.175.210.156
83,Junina,Antonoczyk,jantonoczyk2a@dot.gov,Female,223.175.210.15684,Abbie,Steadman,asteadman2b@amazonaws.com,Male,149.105.205.172
84,Abbie,Steadman,asteadman2b@amazonaws.com,Male,149.105.205.17285,Benedicta,Binham,bbinham2c@sciencedirect.com,Female,106.192.5.4
85,Benedicta,Binham,bbinham2c@sciencedirect.com,Female,106.192.5.486,Tait,Yakebowitch,tyakebowitch2d@pbs.org,Male,80.16.61.202
86,Tait,Yakebowitch,tyakebowitch2d@pbs.org,Male,80.16.61.20287,Tana,O'Rourke,torourke2e@wsj.com,Female,33.152.221.177
87,Tana,O'Rourke,torourke2e@wsj.com,Female,33.152.221.17788,Dorthea,Beels,dbeels2f@google.com.au,Female,254.176.29.173
88,Dorthea,Beels,dbeels2f@google.com.au,Female,254.176.29.17389,Virgie,Tomlett,vtomlett2g@storify.com,Female,237.43.64.153
89,Virgie,Tomlett,vtomlett2g@storify.com,Female,237.43.64.15390,Moses,Janos,mjanos2h@accuweather.com,Male,218.205.68.92
90,Moses,Janos,mjanos2h@accuweather.com,Male,218.205.68.9291,Arlan,Colyer,acolyer2i@goodreads.com,Male,143.135.129.21
91,Arlan,Colyer,acolyer2i@goodreads.com,Male,143.135.129.2192,Walton,Letteresse,wletteresse2j@zdnet.com,Male,18.156.202.49
92,Walton,Letteresse,wletteresse2j@zdnet.com,Male,18.156.202.4993,Name,Last name,Email,Gender,Ip address
93,Name,Last name,Email,Gender,Ip address94,Name,Last name,Email,Gender,Ip address
94,Name,Last name,Email,Gender,Ip address95,Name,Last name,Email,Gender,Ip address
95,Name,Last name,Email,Gender,Ip address
88,Name,Last name,Email,Gender,Ip address
89,Name,Last name,Email,Gender,Ip address
90,Name,Last name,Email,Gender,Ip address
91,Name,Last name,Email,Gender,Ip address